StartDate,EndDate,Status,IPAddress,Progress,Duration (in seconds),Finished,RecordedDate,ResponseId,RecipientLastName,RecipientFirstName,RecipientEmail,ExternalReference,LocationLatitude,LocationLongitude,DistributionChannel,UserLanguage,Q1,Q2,Q3,Q4,Q5,Q5_4_TEXT,Q6,Q7,Q8,Q9,Q10,Q10_6_TEXT,Q11,Q12,Q13,Q13_6_TEXT,Q14,Q14_5_TEXT,Q15,Q16,Q21,Q21_9_TEXT,Q17,Q18,Q19,Q20
Start Date,End Date,Response Type,IP Address,Progress,Duration (in seconds),Finished,Recorded Date,Response ID,Recipient Last Name,Recipient First Name,Recipient Email,External Data Reference,Location Latitude,Location Longitude,Distribution Channel,User Language,"Welcome to the research study!  

 You are being invited to participate in a research study titled ""Understanding opportunities for artificial intelligence (AI) -based natural dialogue systems in combating adolescent and young people's sexual, reproductive & health problems"". This study
is being done by Audrey Nosenga from College of Business, Technology and Engineering at Sheffield
Hallam University. 
The project's objective is to assess the possibilities of sexual health chatbots for adolescents and young people. Medical chatbots that supplement clinical support for adolescents and young people by providing information on sexual, reproductive, and health issues are presumptively going to deliver accurate knowledge about sexual, reproductive health while leveraging self-efficacy and ensuring privacy.
For this study you will be presented with information relevant to ""Understanding opportunities for artificial intelligence (AI)-based natural dialogue systems in combating adolescent and young people's sexual, reproductive & health problems"". Then you will be asked to answer some questions about it. Your responses will be kept completely anonymous and confidential.
The study should take you around 2 minutes to complete. Your participation is entirely voluntary, and you can withdraw from the survey by closing your web browser and your data will be deleted from the study. You are free to omit any question. However,please note that after you have pressed the submit button at the end of the questionnaire you will no longer be able to able to withdraw from the study. 

By clicking the button below, you acknowledge:

 You have read the participant information sheet.


 Your participation in the study is voluntary.
 You are 18 years of age.
 You are aware that you may choose to terminate your participation at any time for any reason.",How old are you?,What is your nationality?,Which country are you currently living in?,How do you describe yourself? - Selected Choice,How do you describe yourself? - Prefer to self-describe - Text,What best describes your employment status over the last three months?,What is your current marital status?,What is the highest level of education you have completed?,Which social media platform do you use the most?,What purpose do you use social media for? - Selected Choice,What purpose do you use social media for? - Other (please specify) - Text,On average how many hours do you think you spend online a day?,Have you ever used a chatbot? (a.k.a conversation agent),What have you used a chatbot for? - Selected Choice,What have you used a chatbot for? - Other (please specify) - Text,Which chatbot have you interacted with? - Selected Choice,Which chatbot have you interacted with? - Other (please specify) - Text,How can you describe your experience interacting with a chatbot?,"Do you ever use social media to access sexual, reproductive and health related information?",What type of information were you accessing? (select 3 options that are relevant) - Selected Choice,What type of information were you accessing? (select 3 options that are relevant) - Other (please specify) - Text,Do you trust the health information you find online?,"Are you open talking to a healthcare provider about your sexual, reproductive and health issues?","Would you prefer talking to a human healthcare provider or virtual assistant about your sexual, reproductive and health concerns?","Would you be more open to discuss your sexual, reproductive and health concerns with a chatbot?"
"{""ImportId"":""startDate"",""timeZone"":""Europe/London""}","{""ImportId"":""endDate"",""timeZone"":""Europe/London""}","{""ImportId"":""status""}","{""ImportId"":""ipAddress""}","{""ImportId"":""progress""}","{""ImportId"":""duration""}","{""ImportId"":""finished""}","{""ImportId"":""recordedDate"",""timeZone"":""Europe/London""}","{""ImportId"":""_recordId""}","{""ImportId"":""recipientLastName""}","{""ImportId"":""recipientFirstName""}","{""ImportId"":""recipientEmail""}","{""ImportId"":""externalDataReference""}","{""ImportId"":""locationLatitude""}","{""ImportId"":""locationLongitude""}","{""ImportId"":""distributionChannel""}","{""ImportId"":""userLanguage""}","{""ImportId"":""QID172807553""}","{""ImportId"":""QID18_TEXT""}","{""ImportId"":""QID30_TEXT""}","{""ImportId"":""QID31_TEXT""}","{""ImportId"":""QID38""}","{""ImportId"":""QID38_4_TEXT""}","{""ImportId"":""QID14""}","{""ImportId"":""QID15""}","{""ImportId"":""QID16""}","{""ImportId"":""QID32""}","{""ImportId"":""QID33""}","{""ImportId"":""QID33_6_TEXT""}","{""ImportId"":""QID27""}","{""ImportId"":""QID34""}","{""ImportId"":""QID35""}","{""ImportId"":""QID35_6_TEXT""}","{""ImportId"":""QID36""}","{""ImportId"":""QID36_5_TEXT""}","{""ImportId"":""QID37""}","{""ImportId"":""QID39""}","{""ImportId"":""QID44""}","{""ImportId"":""QID44_9_TEXT""}","{""ImportId"":""QID28""}","{""ImportId"":""QID41""}","{""ImportId"":""QID42""}","{""ImportId"":""QID43""}"
2022-07-20 13:39:23,2022-07-20 13:39:51,Survey Preview,,100,28,True,2022-07-20 13:39:53,R_e4gs23M8XKDVVwR,,,,,53.3793,-1.4602,preview,EN,,,,,,,,,,,,,,,,,,,,,,,,,,
2022-07-20 21:24:15,2022-07-20 21:24:42,Survey Preview,,100,26,True,2022-07-20 21:24:43,R_8CCrdfl4rudsFc5,,,,,53.3793,-1.4602,preview,EN,,,,,,,,,,,,,,,,,,,,,,,,,,
2022-07-22 16:58:33,2022-07-22 17:03:50,IP Address,2.103.102.160,100,316,True,2022-07-22 17:03:50,R_3ek46E1hEXlmSwl,,,,,53.2558,-1.4292,anonymous,EN,,,,,,,,,,,,,,,,,,,,,,,,,,
2022-07-26 11:46:21,2022-07-26 12:13:12,Survey Preview,,100,1610,True,2022-07-26 12:13:13,R_1mdUKcUQulzgwi9,,,,,53.3793,-1.4602,preview,EN,"I consent, begin the study",28,zimbabwean,UK,Female,,Student,Widowed,University Bachelors Degree,"Facebook,Google,Tiktok,Whatsapp,Snapchat","Have conversations,Share information,Create web content",,7hrs +,Yes,Productivity purpose,,Alexa,,Helpful,Yes,,,Definitely not,Yes,Human,Yes
2022-07-26 12:05:45,2022-07-26 12:13:31,IP Address,86.137.141.165,100,465,True,2022-07-26 12:13:31,R_vjZnR72i4Ufbtip,,,,,53.4809,-2.2374,anonymous,EN,,24,,,,,Working full-time,Living with a partner,Vocational or Similar,,,,,,,,,,,,,,Might or might not,,,
2022-07-26 12:18:04,2022-07-26 12:18:20,Survey Preview,,100,16,True,2022-07-26 12:18:21,R_2wH08MGzRwvx4SS,,,,,53.3793,-1.4602,preview,EN,"I do not consent, I do not wish to participate",,,,,,,,,,,,,,,,,,,,,,,,,
2022-07-26 12:18:25,2022-07-26 12:23:25,Survey Preview,,100,300,True,2022-07-26 12:23:26,R_30nIvCmki8N33UD,,,,,53.3793,-1.4602,preview,EN,"I consent, begin the study",23,zimbabwean,UK,Female,,Working full-time,Married,Some University but no degree,"Facebook,Google,Tiktok,Whatsapp,Snapchat,Twitter","Have conversations,Share information,Create web content",,7hrs +,Yes,Other (please specify),,Cortana,,Not helpful,Yes,,,Probably not,Yes,Human,Yes
2022-07-26 12:18:41,2022-07-26 12:27:54,IP Address,5.89.145.43,100,553,True,2022-07-26 12:27:55,R_2yqNTPU1zvozd3P,,,,,45.4096,11.8947,anonymous,EN,,29,,,,,Unemployed and looking for work,Never been married,"Graduate or professional degree (MA, MS, MBA, PhD, JD, MD, DDS)",,,,4-5hrs,,,,,,,,,,Definitely yes,,,
2022-07-26 12:38:46,2022-07-26 12:40:33,IP Address,5.89.145.43,100,106,True,2022-07-26 12:40:33,R_2yqJp1H2iXbyQcC,,,,,45.4096,11.8947,anonymous,EN,"I consent, begin the study",29,"Zimbabwe ",Italy,Female,,Unemployed and looking for work,Never been married,"Graduate or professional degree (MA, MS, MBA, PhD, JD, MD, DDS)","Google,Whatsapp","Have conversations,Share information,Education,Health Research",,2-3hrs,Yes,Customer service,,Other (please specify),,Somewhat helpful,Yes,,,Definitely yes,Yes,Both,Yes
2022-07-26 13:11:38,2022-07-26 13:18:08,IP Address,5.89.145.43,100,389,True,2022-07-26 13:18:08,R_3lKVkuvxJwRjkL9,,,,,45.4096,11.8947,anonymous,EN,"I consent, begin the study",29,Zimbabwe,Italy,Female,,Unemployed and looking for work,Never been married,"Graduate or professional degree (MA, MS, MBA, PhD, JD, MD, DDS)","Google,Whatsapp","Have conversations,Share information,Education,Health Research",,2-3hrs,Yes,Customer service,,Other (please specify),,Somewhat helpful,Yes,,,Definitely yes,Yes,Both,Yes
2022-07-26 14:07:12,2022-07-26 14:13:23,IP Address,5.89.145.43,100,370,True,2022-07-26 14:13:23,R_2YJlqpm9zaP8Jvd,,,,,45.4096,11.8947,anonymous,EN,"I consent, begin the study",29,Test,Test,Female,,Unemployed and looking for work,Never been married,"Graduate or professional degree (MA, MS, MBA, PhD, JD, MD, DDS)","Google,Whatsapp,Youtube,LinkedIn","Have conversations,Share information,Education,Health Research,Other (please specify)",,2-3hrs,Yes,Customer service,,Other (please specify),Mostly organisational websites,Helpful,Yes,"Sexual, Reproductive & Health disease, symptoms, treatment & prevention (e.g cervical cancer, prostate cancer, breast cancer),HIV/STI,Contraceptives & family planning",,Definitely yes,Yes,Both,Yes
2022-07-26 15:52:26,2022-07-26 15:54:50,IP Address,92.40.188.1,100,144,True,2022-07-26 15:54:51,R_2BzDOI8jQMyZ4lr,,,,,51.4964,-0.1224,anonymous,EN,"I consent, begin the study",23,"British citizen ","United Kingdom ",Female,,Student,Never been married,Completed Secondary School,"Facebook,Google,Tiktok,Whatsapp,Snapchat,Twitter,Youtube,Instagram","Have conversations,Share information,Education,Health Research",,6-7rs,Yes,"Customer service,Banking",,"Google Assist,Siri,Alexa,Cortana",,Somewhat helpful,Yes,"Sexual, Reproductive & Health disease, symptoms, treatment & prevention (e.g cervical cancer, prostate cancer, breast cancer),Mental Health",,Might or might not,Sometimes,Human,Maybe
2022-07-26 15:52:30,2022-07-26 15:57:28,IP Address,77.97.66.62,100,297,True,2022-07-26 15:57:28,R_pxQvDDDbgNwlaaR,,,,,51.3488,-0.0321,anonymous,EN,"I consent, begin the study",21,Naija,"United Kingdom ",Female,,Student,Never been married,Some University but no degree,Tiktok,"Have conversations,Share information,Create web content,Education,Health Research,Other (please specify)",,7hrs +,No,Other (please specify),,Google Assist,,Not helpful,Yes,"Comprehensive sexuality education,Maternal Health & Antenatal,Sexual, Reproductive & Health disease, symptoms, treatment & prevention (e.g cervical cancer, prostate cancer, breast cancer),Sexual Assault services,HIV/STI,Mental Health",,Might or might not,Yes,Human,No
2022-07-26 15:58:15,2022-07-26 16:00:08,IP Address,2.125.189.67,100,112,True,2022-07-26 16:00:09,R_1PZvGCO1QjIxPde,,,,,51.5518,-0.1345,anonymous,EN,"I consent, begin the study",29,"British ","Surrey ",Female,,Working part-time,Never been married,Some University but no degree,"Tiktok,Whatsapp,Snapchat,Instagram","Have conversations,Create web content",,6-7rs,No,Booking,,"Google Assist,Siri",,Helpful,No,,,,,,
2022-07-26 15:56:01,2022-07-26 16:00:53,IP Address,5.89.145.43,100,291,True,2022-07-26 16:00:53,R_1XhUbJ89MOBlUUF,,,,,45.4096,11.8947,anonymous,EN,"I consent, begin the study","Test ",Test,Test,Female,,Unemployed and looking for work,Never been married,"Graduate or professional degree (MA, MS, MBA, PhD, JD, MD, DDS)","Google,Whatsapp,Youtube,LinkedIn","Have conversations,Share information,Education,Health Research",,2-3hrs,Yes,Customer service,,Other (please specify),,Helpful,Yes,Contraceptives & family planning,,Definitely yes,Yes,Both,Yes
2022-07-26 16:10:52,2022-07-26 16:13:02,IP Address,5.89.145.43,100,130,True,2022-07-26 16:13:03,R_3JrvXAHb8PCANKc,,,,,45.4096,11.8947,anonymous,EN,"I consent, begin the study",Test,Test,Test,Female,,Unemployed and looking for work,Never been married,"Graduate or professional degree (MA, MS, MBA, PhD, JD, MD, DDS)","Google,Whatsapp,Youtube,LinkedIn","Have conversations,Share information,Education,Health Research",,2-3hrs,Yes,Customer service,,Other (please specify),,Helpful,Yes,"Sexual, Reproductive & Health disease, symptoms, treatment & prevention (e.g cervical cancer, prostate cancer, breast cancer)",,Definitely yes,Yes,Both,Yes
2022-07-26 16:16:11,2022-07-26 16:25:19,IP Address,5.89.145.43,100,547,True,2022-07-26 16:25:19,R_3EXaZjmbHWW2Njs,,,,,45.4096,11.8947,anonymous,EN,"I consent, begin the study","Test ",Test,Test,Female,,Unemployed and looking for work,Never been married,"Graduate or professional degree (MA, MS, MBA, PhD, JD, MD, DDS)","Google,Whatsapp,Youtube,LinkedIn","Have conversations,Share information,Education,Health Research",,2-3hrs,Yes,Customer service,,Other (please specify),Test,Helpful,Yes,"Maternal Health & Antenatal,Mental Health,Contraceptives & family planning",,Definitely yes,Yes,Both,Yes
2022-07-26 16:25:24,2022-07-26 16:39:00,IP Address,5.89.145.43,100,815,True,2022-07-26 16:39:00,R_9WU0g4cJw2aSHYt,,,,,45.4096,11.8947,anonymous,EN,"I consent, begin the study",T,T,T,Female,,Unemployed and looking for work,Never been married,"Graduate or professional degree (MA, MS, MBA, PhD, JD, MD, DDS)","Google,Whatsapp,Youtube,LinkedIn","Have conversations,Education,Health Research",,2-3hrs,Yes,Customer service,,Other (please specify),T,Helpful,Yes,Other (please specify),,Definitely yes,Sometimes,Both,Yes
2022-07-26 16:39:16,2022-07-26 16:40:58,IP Address,5.89.145.43,100,101,True,2022-07-26 16:40:58,R_DvMT4frekEM9Y7D,,,,,45.4096,11.8947,anonymous,EN,"I consent, begin the study",T,T,T,Female,,Unemployed and looking for work,Never been married,"Graduate or professional degree (MA, MS, MBA, PhD, JD, MD, DDS)","Google,Whatsapp,Youtube,LinkedIn","Have conversations,Education,Health Research",,2-3hrs,Yes,"Customer service,Banking",,Other (please specify),Test,Helpful,Yes,Other (please specify),,Definitely yes,Yes,Both,Yes
2022-07-26 16:45:23,2022-07-26 16:49:02,IP Address,81.154.137.195,100,219,True,2022-07-26 16:49:02,R_2uqFRo71ePHlMrV,,,,,53.4293,-1.4635,anonymous,EN,"I consent, begin the study",49,British,UK,Female,,Working full-time,Divorced/Separated,"Graduate or professional degree (MA, MS, MBA, PhD, JD, MD, DDS)",Twitter,Other (please specify),"Mutual Support ",7hrs +,Yes,"Marketing,Customer service,Banking",,Alexa,,Helpful,No,,,,,,
2022-07-26 16:51:59,2022-07-26 16:54:46,IP Address,41.60.109.232,100,166,True,2022-07-26 16:54:47,R_1OTyytPxuzK98Je,,,,,-17.815,31.0478,anonymous,EN,"I consent, begin the study",23,"ZIMBABWE ","Zimbabwe ",Female,,Working full-time,Never been married,University Bachelors Degree,Instagram,"Have conversations,Share information,Education",,7hrs +,Yes,"Customer service,Booking",,"Google Assist,Siri,Cortana",,Somewhat helpful,No,,,,,,
2022-07-26 16:50:59,2022-07-26 17:01:07,IP Address,92.40.191.75,100,608,True,2022-07-26 17:01:07,R_3D0FNBr9gNLXjGX,,,,,51.4964,-0.1224,anonymous,EN,"I consent, begin the study",21,"Italian ",Uk,Female,,Student,Never been married,Some Secondary,"Tiktok,Instagram",Have conversations,,2-3hrs,No,Booking,,Siri,,Somewhat helpful,No,,,,,,
2022-07-26 16:58:30,2022-07-26 17:02:24,IP Address,77.246.53.17,100,234,True,2022-07-26 17:02:25,R_23d9u1qAccwOTQ9,,,,,-17.815,31.0478,anonymous,EN,"I consent, begin the study",28,Zimbabwean,Zimbabwe,Prefer to self-describe,Smart innovative assertive funny,Working full-time,Married,University Bachelors Degree,Instagram,Other (please specify),Business,0-1hr,No,Banking,,Google Assist,,Helpful,Yes,Contraceptives & family planning,,Might or might not,Yes,Human,Yes
2022-07-26 16:59:42,2022-07-26 17:02:36,IP Address,85.255.233.56,100,174,True,2022-07-26 17:02:37,R_2anIBAIjqTT96mk,,,,,51.4964,-0.1224,anonymous,EN,"I consent, begin the study",37,Nigerian,UK,Male,,Working full-time,Never been married,"Graduate or professional degree (MA, MS, MBA, PhD, JD, MD, DDS)","Facebook,Google,Tiktok,Whatsapp,Snapchat,Twitter,Youtube,Instagram,LinkedIn","Have conversations,Share information,Create web content,Education,Health Research",,6-7rs,Yes,"Productivity purpose,Customer service,Banking,Booking",,"Google Assist,Siri,Alexa,Cortana",,Helpful,Yes,"Contraceptives & family planning,Other (please specify)",PA,Probably yes,Yes,Both,Yes
2022-07-26 16:59:56,2022-07-26 17:02:55,IP Address,5.90.190.195,100,179,True,2022-07-26 17:02:56,R_vcB87qL1waMiQx3,,,,,43.6788,10.5641,anonymous,EN,"I consent, begin the study",32,Pakistan,Italy,Female,,Unemployed and looking for work,Married,"Graduate or professional degree (MA, MS, MBA, PhD, JD, MD, DDS)","Facebook,Google,Whatsapp,Youtube,Instagram,LinkedIn","Have conversations,Share information,Education,Health Research",,2-3hrs,No,Booking,,Google Assist,,Somewhat helpful,Yes,"Maternal Health & Antenatal,Contraceptives & family planning",,Probably yes,No,None,No
2022-07-26 17:02:05,2022-07-26 17:04:36,IP Address,46.208.7.167,100,151,True,2022-07-26 17:04:37,R_26gJOGnin7SeaDs,,,,,53.2517,-1.0851,anonymous,EN,"I consent, begin the study","Old enough ","Nigerian ","United Kingdom ",Male,,Working full-time,Married,"Graduate or professional degree (MA, MS, MBA, PhD, JD, MD, DDS)","Whatsapp,Twitter,Youtube,LinkedIn","Have conversations,Education",,7hrs +,Yes,Customer service,,Alexa,,Somewhat helpful,Yes,"Maternal Health & Antenatal,Sexual, Reproductive & Health disease, symptoms, treatment & prevention (e.g cervical cancer, prostate cancer, breast cancer),Mental Health",,Probably yes,Yes,Human,No
2022-07-26 17:07:35,2022-07-26 17:10:18,IP Address,31.4.242.218,100,162,True,2022-07-26 17:10:18,R_3eqrwzjFjphtNKs,,,,,41.6547,-4.7344,anonymous,EN,"I consent, begin the study",33,Uk,Uk,Female,,Student,Married,"Graduate or professional degree (MA, MS, MBA, PhD, JD, MD, DDS)",Twitter,Other (please specify),"Doomscrolling ",0-1hr,Yes,Banking,,Siri,,Not helpful,No,,,,,,
2022-07-26 17:04:21,2022-07-26 17:10:41,IP Address,41.60.116.92,100,380,True,2022-07-26 17:10:41,R_SBRMh5lzI0zVSMx,,,,,-17.815,31.0478,anonymous,EN,"I consent, begin the study",27 years old,"Zimbabwean ",Zimbabwe,Male,,Working full-time,Never been married,Some University but no degree,"Facebook,Google,Tiktok,Whatsapp,Twitter,Youtube,Instagram,LinkedIn","Have conversations,Share information,Education",,4-5hrs,Yes,"Customer service,Banking",,"Google Assist,Siri",,Somewhat helpful,No,,,,,,
2022-07-26 17:09:15,2022-07-26 17:12:51,IP Address,165.73.98.140,100,215,True,2022-07-26 17:12:51,R_2ZTAqGZrCUWM0cr,,,,,-34.0486,18.4811,anonymous,EN,"I consent, begin the study",29,Zimbabwean,South Africa,Female,,Working full-time,Living with a partner,Some University but no degree,Tiktok,Other (please specify),Just for fun,4-5hrs,No,"Banking,Other (please specify)",I have never used it,Google Assist,,Somewhat helpful,Yes,"Maternal Health & Antenatal,Mental Health,Contraceptives & family planning",,Probably not,Yes,Human,Maybe
2022-07-26 17:03:38,2022-07-26 17:17:17,IP Address,41.150.224.190,100,819,True,2022-07-26 17:17:18,R_1K3xUsMat4BzxOM,,,,,-26.2207,28.2501,anonymous,EN,"I consent, begin the study",40,Zimbabwean,South Africa,Female,,A homemaker or stay-at-home parent,Married,Vocational or Similar,"Facebook,Google,Tiktok,Whatsapp,Youtube","Have conversations,Share information,Education,Health Research",,7hrs +,No,Other (please specify),Na,Other (please specify),Na,Not helpful,Yes,"Sexual, Reproductive & Health disease, symptoms, treatment & prevention (e.g cervical cancer, prostate cancer, breast cancer),Mental Health,Contraceptives & family planning",,Probably yes,Sometimes,Both,Yes
2022-07-26 17:20:33,2022-07-26 17:24:06,IP Address,77.246.53.43,100,213,True,2022-07-26 17:24:07,R_28Opdsh95hKh3l9,,,,,-17.815,31.0478,anonymous,EN,"I consent, begin the study",27,"Zimbabwean ","Zimbabwe ",Female,,Working full-time,Never been married,University Bachelors Degree,"Facebook,Google,Tiktok,Whatsapp,Youtube,Instagram,LinkedIn","Have conversations,Share information,Education,Health Research",,7hrs +,No,Customer service,,Cortana,,Somewhat helpful,Yes,"Maternal Health & Antenatal,Sexual, Reproductive & Health disease, symptoms, treatment & prevention (e.g cervical cancer, prostate cancer, breast cancer),Sexual Assault services,HIV/STI,Mental Health,Contraceptives & family planning",,Probably yes,Yes,Human,Maybe
2022-07-26 17:18:11,2022-07-26 17:24:08,IP Address,217.181.161.74,100,356,True,2022-07-26 17:24:08,R_2Cxp57q1sTcCybr,,,,,48.8582,2.3387,anonymous,EN,"I consent, begin the study",35,British,England,Female,,Working part-time,Married,University Bachelors Degree,Facebook,"Have conversations,Share information",,4-5hrs,Yes,Other (please specify),Study,"Google Assist,Siri,Alexa,Other (please specify)",IBM Watson,Helpful,No,,,,,,
2022-07-26 17:24:27,2022-07-26 17:28:12,IP Address,41.150.192.60,100,224,True,2022-07-26 17:28:13,R_20MoLSrd0wmnp4Y,,,,,-26.2207,28.2501,anonymous,EN,"I consent, begin the study",30,"Zimbabwean ",South africa,Male,,Working full-time,Never been married,University Bachelors Degree,"Facebook,Google,Whatsapp,Youtube,Instagram,LinkedIn","Have conversations,Share information,Create web content,Education",,7hrs +,Yes,"Customer service,Banking",,"Google Assist,Alexa,Cortana",,Somewhat helpful,Yes,"Sexual, Reproductive & Health disease, symptoms, treatment & prevention (e.g cervical cancer, prostate cancer, breast cancer),Mental Health,Contraceptives & family planning",,Probably yes,Yes,Both,No
2022-07-26 16:53:00,2022-07-26 17:36:32,IP Address,102.128.78.76,100,2612,True,2022-07-26 17:36:33,R_1BVs6nuifbBwsje,,,,,-17.815,31.0478,anonymous,EN,"I consent, begin the study",31,Zimbabwean,zimbabwe,Male,,Working full-time,Never been married,"Graduate or professional degree (MA, MS, MBA, PhD, JD, MD, DDS)",Whatsapp,Have conversations,,2-3hrs,Yes,Banking,,Siri,,Somewhat helpful,No,,,,,,
2022-07-26 17:34:10,2022-07-26 17:36:38,IP Address,5.67.87.13,100,147,True,2022-07-26 17:36:38,R_WcBVIcS59FZebdL,,,,,52.2242,0.1315,anonymous,EN,"I consent, begin the study",23,French,United Kingdom,Female,,Unemployed and looking for work,Living with a partner,"Graduate or professional degree (MA, MS, MBA, PhD, JD, MD, DDS)",Twitter,Other (please specify),Funny content,2-3hrs,Yes,"Customer service,Banking",,"Google Assist,Siri,Alexa",,Helpful,Yes,"Sexual, Reproductive & Health disease, symptoms, treatment & prevention (e.g cervical cancer, prostate cancer, breast cancer),Mental Health",,Might or might not,Sometimes,Both,Yes
2022-07-26 17:30:31,2022-07-26 17:36:45,IP Address,77.246.49.7,100,373,True,2022-07-26 17:36:45,R_3Do6XqgdOWqWsip,,,,,-17.815,31.0478,anonymous,EN,"I consent, begin the study",30,"Zimbabwean ","Zimbabwe ",Female,,Working full-time,Married,University Bachelors Degree,Whatsapp,Share information,,2-3hrs,No,Marketing,,Siri,,Helpful,Yes,"Comprehensive sexuality education,Sexual, Reproductive & Health disease, symptoms, treatment & prevention (e.g cervical cancer, prostate cancer, breast cancer),Contraceptives & family planning",,Probably yes,Yes,Both,Yes
2022-07-26 17:30:13,2022-07-26 17:41:10,IP Address,77.246.53.142,100,657,True,2022-07-26 17:41:11,R_1C8u8dWPOIETE3d,,,,,-17.815,31.0478,anonymous,EN,"I consent, begin the study","23 years ","Zimbabwean ","Zimbabwe ",Prefer to self-describe,Male,Student,Never been married,Vocational or Similar,Whatsapp,Education,,4-5hrs,No,Other (please specify),"Education ",Google Assist,,Helpful,Yes,"Sexual, Reproductive & Health disease, symptoms, treatment & prevention (e.g cervical cancer, prostate cancer, breast cancer),HIV/STI,Mental Health",,Probably yes,Yes,Virtual Assistant,Yes
2022-07-26 17:37:36,2022-07-26 17:41:48,IP Address,79.23.181.152,100,251,True,2022-07-26 17:41:49,R_30x7SIaemDBO1aW,,,,,45.4096,11.8947,anonymous,EN,"I consent, begin the study",21,Italian,Italy,Female,,Student,Never been married,Some University but no degree,"Google,Whatsapp,Youtube,Instagram","Share information,Education,Health Research",,6-7rs,Yes,Customer service,,"Google Assist,Cortana",,Somewhat helpful,No,,,,,,
2022-07-26 17:38:36,2022-07-26 17:46:13,IP Address,197.221.232.180,100,457,True,2022-07-26 17:46:14,R_1IXVsbbF6zpxmw4,,,,,-17.815,31.0478,anonymous,EN,"I consent, begin the study",20,"Zimbabwean ","Zimbabwe ",Female,,Student,Never been married,Completed Secondary School,Google,Education,,6-7rs,No,Other (please specify),"Never used it before ",Google Assist,,Helpful,Yes,"Maternal Health & Antenatal,Sexual, Reproductive & Health disease, symptoms, treatment & prevention (e.g cervical cancer, prostate cancer, breast cancer),Mental Health",,Might or might not,Sometimes,Both,No
2022-07-26 17:27:19,2022-07-26 17:46:45,IP Address,197.221.252.43,100,1165,True,2022-07-26 17:46:45,R_rcY0LS4DtMqAxjz,,,,,-17.815,31.0478,anonymous,EN,"I consent, begin the study",24,Zimbabwean,"Zimbabwe ",Female,,Unemployed and looking for work,Never been married,Some Primary,Whatsapp,Have conversations,,2-3hrs,No,Other (please specify),,Other (please specify),"Never used it ",Helpful,Yes,Maternal Health & Antenatal,,Definitely not,No,Virtual Assistant,Yes
2022-07-26 17:18:02,2022-07-26 17:57:10,IP Address,197.221.253.53,100,2348,True,2022-07-26 17:57:11,R_8HwMSewOjmHReKt,,,,,-17.815,31.0478,anonymous,EN,"I consent, begin the study",28,"Zimbabwean ",Zimbabwe,Female,,Working full-time,Married,University Bachelors Degree,Facebook,Have conversations,,4-5hrs,Yes,"Customer service,Banking,Booking",,Cortana,,Somewhat helpful,Yes,"Sexual, Reproductive & Health disease, symptoms, treatment & prevention (e.g cervical cancer, prostate cancer, breast cancer),Mental Health",,Definitely not,Sometimes,Virtual Assistant,No
2022-07-26 17:52:42,2022-07-26 17:57:37,IP Address,41.150.210.6,100,294,True,2022-07-26 17:57:37,R_2Y57iYU53VMre7G,,,,,-25.7599,28.2604,anonymous,EN,"I consent, begin the study",28,Zimbabwean,South Africa,Female,,Working full-time,Never been married,"Graduate or professional degree (MA, MS, MBA, PhD, JD, MD, DDS)","Facebook,Tiktok,Whatsapp,Youtube",Have conversations,,7hrs +,Yes,Customer service,,"Google Assist,Other (please specify)",Arsamex,Somewhat helpful,No,,,,,,
2022-07-26 17:56:23,2022-07-26 18:01:04,IP Address,148.76.183.135,100,280,True,2022-07-26 18:01:05,R_1ifGrMyapYRHbU1,,,,,40.7619,-74.4185,anonymous,EN,"I consent, begin the study",33,Zimbabwean,"United States ",Female,,Student,Never been married,University Bachelors Degree,Whatsapp,"Have conversations,Share information,Education",,0-1hr,Yes,Customer service,,Google Assist,,Helpful,Yes,"Sexual, Reproductive & Health disease, symptoms, treatment & prevention (e.g cervical cancer, prostate cancer, breast cancer),Sexual Assault services,HIV/STI,Mental Health,Contraceptives & family planning",,Might or might not,Yes,None,No
2022-07-26 18:00:30,2022-07-26 18:03:01,IP Address,149.34.244.182,100,150,True,2022-07-26 18:03:01,R_2aKRa8cfjERrH6G,,,,,52.3759,4.8975,anonymous,EN,"I consent, begin the study",34,"Nigerian ",United Kingdom,Male,,Student,Never been married,University Bachelors Degree,Twitter,Share information,,2-3hrs,Yes,Booking,,"Google Assist,Siri,Alexa,Cortana",,Helpful,No,,,,,,
2022-07-26 17:09:49,2022-07-26 18:07:32,IP Address,197.221.255.216,100,3462,True,2022-07-26 18:07:32,R_DAHbFGGpRvA7N3r,,,,,-17.815,31.0478,anonymous,EN,"I consent, begin the study",22,"Zimbabwean ","Zimbabwe ",Female,,Student,Never been married,Completed Secondary School,Whatsapp,Have conversations,,6-7rs,No,Other (please specify),I've never used it,Other (please specify),"I've never ",Not helpful,Yes,"Sexual, Reproductive & Health disease, symptoms, treatment & prevention (e.g cervical cancer, prostate cancer, breast cancer)",,Probably yes,Yes,Virtual Assistant,Yes
2022-07-26 18:14:50,2022-07-26 18:21:01,IP Address,197.221.253.38,100,370,True,2022-07-26 18:21:01,R_Qi6oLOMcLFKgnFT,,,,,-17.815,31.0478,anonymous,EN,"I consent, begin the study",34,"Zimbabwean ",Zimbabwe,Female,,Working full-time,Never been married,"Graduate or professional degree (MA, MS, MBA, PhD, JD, MD, DDS)","Facebook,Google,Tiktok,Whatsapp,Snapchat,Twitter,Youtube,Instagram,LinkedIn","Have conversations,Share information,Education,Health Research",,7hrs +,Yes,"Productivity purpose,Marketing,Customer service,Banking,Booking",,Google Assist,,Helpful,Yes,"Comprehensive sexuality education,Maternal Health & Antenatal,Sexual, Reproductive & Health disease, symptoms, treatment & prevention (e.g cervical cancer, prostate cancer, breast cancer),Sexual Assault services,HIV/STI,Mental Health,Contraceptives & family planning",,Probably yes,Yes,Both,Maybe
2022-07-26 18:22:53,2022-07-26 18:28:30,IP Address,77.246.52.152,100,337,True,2022-07-26 18:28:31,R_2vbL6s9eBcNaNMl,,,,,-17.815,31.0478,anonymous,EN,"I consent, begin the study",28,"Zimbabwean ","Zimbabwe ",Male,,Working full-time,Never been married,"Graduate or professional degree (MA, MS, MBA, PhD, JD, MD, DDS)",Youtube,Share information,,4-5hrs,Yes,"Productivity purpose,Marketing,Customer service,Banking,Booking",,"Google Assist,Siri",,Helpful,Yes,Mental Health,,Might or might not,Sometimes,Both,Yes
2022-07-26 18:30:32,2022-07-26 18:37:55,IP Address,86.98.98.223,100,443,True,2022-07-26 18:37:56,R_3OqpfqH2I5qiZPa,,,,,25.1175,56.3346,anonymous,EN,"I consent, begin the study",33,Zimbabwean,United Arab Emirates,Female,,Working full-time,Living with a partner,University Bachelors Degree,"Facebook,Google,Whatsapp,Snapchat,Twitter,Youtube,Instagram,LinkedIn","Have conversations,Share information,Education",,4-5hrs,No,Productivity purpose,,Siri,,Somewhat helpful,Yes,"Maternal Health & Antenatal,Mental Health,Contraceptives & family planning",,Probably yes,Yes,Both,Yes
2022-07-26 18:49:17,2022-07-26 18:51:54,IP Address,212.82.82.234,100,156,True,2022-07-26 18:51:55,R_1GHpGEay8KeMOLU,,,,,53.4113,-2.9759,anonymous,EN,"I consent, begin the study",30,"Nigerian ","United Kingdom ",Male,,Working part-time,Never been married,"Graduate or professional degree (MA, MS, MBA, PhD, JD, MD, DDS)","Whatsapp,Instagram",Have conversations,,6-7rs,Yes,"Customer service,Banking",,"Google Assist,Siri",,Helpful,No,,,,,,
2022-07-26 18:51:10,2022-07-26 18:53:46,IP Address,82.132.234.149,100,155,True,2022-07-26 18:53:46,R_2TuQn0OrIm9JHBJ,,,,,51.5788,-0.1235,anonymous,EN,"I consent, begin the study",27,"Zimbabwean ",England,Female,,Working full-time,Never been married,University Bachelors Degree,"Facebook,Google,Tiktok,Whatsapp,Twitter,Youtube,Instagram,LinkedIn","Have conversations,Create web content,Education,Health Research,Other (please specify)",Fun,4-5hrs,Yes,Customer service,,"Google Assist,Siri,Alexa",,Somewhat helpful,Yes,"Maternal Health & Antenatal,Mental Health,Other (please specify)",Menstrual Health,Might or might not,Yes,Both,Yes
2022-07-26 18:51:39,2022-07-26 18:55:33,IP Address,31.124.210.153,100,233,True,2022-07-26 18:55:33,R_33qzPx7toKtlp6F,,,,,52.6261,1.3034,anonymous,EN,"I consent, begin the study",24,British,United Kingdom,Male,,Working full-time,Living with a partner,University Bachelors Degree,Whatsapp,Have conversations,,2-3hrs,Yes,"Banking,Other (please specify)",Company intranet chatbot to explain acronyms,"Siri,Alexa",,Somewhat helpful,No,,,,,,
2022-07-26 18:50:44,2022-07-26 18:57:14,IP Address,77.246.53.51,100,389,True,2022-07-26 18:57:14,R_1d9LPDozdKCOhnh,,,,,-17.815,31.0478,anonymous,EN,"I consent, begin the study",30,47-190962Y47,Zimbabwe,Female,,Unemployed and looking for work,Divorced/Separated,Completed Secondary School,"Facebook,Whatsapp","Share information,Education",,4-5hrs,No,"Customer service,Other (please specify)",,Google Assist,,Helpful,Yes,"Maternal Health & Antenatal,Sexual, Reproductive & Health disease, symptoms, treatment & prevention (e.g cervical cancer, prostate cancer, breast cancer),HIV/STI",,Probably yes,Yes,Both,No
2022-07-26 19:02:02,2022-07-26 19:03:57,IP Address,93.32.243.64,100,114,True,2022-07-26 19:03:57,R_3MajvMxDYKBqyqM,,,,,43.1479,12.1097,anonymous,EN,"I consent, begin the study",20,Italian,"Italy ",Female,,Student,Never been married,Completed Secondary School,Instagram,Have conversations,,4-5hrs,No,Other (please specify),I never used it,Other (please specify),Never used it,Not helpful,No,,,,,,
2022-07-26 18:44:53,2022-07-26 19:07:25,IP Address,196.41.88.228,100,1352,True,2022-07-26 19:07:25,R_3EW1Tj8cdpcqSv3,,,,,-19,29.75,anonymous,EN,"I consent, begin the study",29,Zimbabwean,Zimbabwe,Male,,Working full-time,Married,Some University but no degree,"Facebook,Google,Tiktok,Whatsapp,Twitter,Youtube,Instagram,LinkedIn","Have conversations,Share information,Create web content,Education,Health Research",,4-5hrs,Yes,"Productivity purpose,Customer service,Other (please specify)",Digital platform for information sharing on HIV & STI's,"Google Assist,Cortana,Other (please specify)",WhatsApp,Helpful,Yes,"Sexual, Reproductive & Health disease, symptoms, treatment & prevention (e.g cervical cancer, prostate cancer, breast cancer),HIV/STI,Mental Health",,Probably yes,Yes,Both,Yes
2022-07-26 18:12:40,2022-07-26 19:20:59,IP Address,197.221.252.63,100,4099,True,2022-07-26 19:20:59,R_3I61UKS1zNhRodc,,,,,-17.815,31.0478,anonymous,EN,"I consent, begin the study",48,Zimbabwean,Zimbabwe,Male,,Working full-time,Married,Vocational or Similar,Facebook,Have conversations,,0-1hr,No,Productivity purpose,,Google Assist,,Helpful,No,,,,,,
2022-07-26 19:20:31,2022-07-26 19:24:34,IP Address,146.198.165.210,100,243,True,2022-07-26 19:24:35,R_27dospVTXtCVNMY,,,,,51.5828,-0.3448,anonymous,EN,"I consent, begin the study",30,Zimbabwean,"England ",Female,,Working full-time,Never been married,University Bachelors Degree,"Google,Whatsapp,Youtube,Instagram,LinkedIn","Have conversations,Share information,Health Research",,2-3hrs,Yes,Customer service,,"Google Assist,Alexa",,Somewhat helpful,Yes,"Comprehensive sexuality education,Sexual, Reproductive & Health disease, symptoms, treatment & prevention (e.g cervical cancer, prostate cancer, breast cancer),Mental Health,Contraceptives & family planning",,Probably yes,Yes,Human,No
2022-07-26 19:28:11,2022-07-26 19:36:16,IP Address,197.221.253.160,100,484,True,2022-07-26 19:36:16,R_2zRNZeEpenHeEtB,,,,,-17.815,31.0478,anonymous,EN,"I consent, begin the study",30,Zimbabwean,Zimbabwe,Male,,Working full-time,Never been married,"Graduate or professional degree (MA, MS, MBA, PhD, JD, MD, DDS)",Whatsapp,Have conversations,,4-5hrs,No,Customer service,,Other (please specify),,Helpful,Yes,HIV/STI,,Probably yes,Sometimes,Virtual Assistant,Yes
2022-07-26 19:50:07,2022-07-26 19:55:19,IP Address,77.246.50.221,100,311,True,2022-07-26 19:55:20,R_1mP0IbES5TNVV2i,,,,,-17.815,31.0478,anonymous,EN,"I consent, begin the study",28,"Zimbabwean ",Zimbabwe,Female,,Unemployed and looking for work,Living with a partner,Completed Secondary School,Whatsapp,Have conversations,,2-3hrs,Yes,Marketing,,Alexa,,Somewhat helpful,Yes,"Sexual, Reproductive & Health disease, symptoms, treatment & prevention (e.g cervical cancer, prostate cancer, breast cancer),HIV/STI,Mental Health",,Might or might not,Yes,Human,Yes
2022-07-26 19:55:01,2022-07-26 19:59:06,IP Address,77.246.49.31,100,245,True,2022-07-26 19:59:07,R_3EmclSlKWvVEd5b,,,,,-17.815,31.0478,anonymous,EN,"I consent, begin the study",27,"Zimbabwean ","Zimbabwe ",Female,,Working full-time,Married,"Graduate or professional degree (MA, MS, MBA, PhD, JD, MD, DDS)","Facebook,Google,Tiktok,Whatsapp,Twitter","Have conversations,Share information,Education,Health Research",,6-7rs,No,Other (please specify),,Siri,,Somewhat helpful,Yes,"Comprehensive sexuality education,Maternal Health & Antenatal,Sexual, Reproductive & Health disease, symptoms, treatment & prevention (e.g cervical cancer, prostate cancer, breast cancer),HIV/STI,Mental Health,Contraceptives & family planning",,Definitely yes,Yes,Both,Yes
2022-07-26 19:56:09,2022-07-26 20:02:02,IP Address,41.175.134.176,100,353,True,2022-07-26 20:02:02,R_2aaxmngLDLA7oqU,,,,,-17.815,31.0478,anonymous,EN,"I consent, begin the study",35,"Zimbabwean ","Zimbabwe ",Female,,A homemaker or stay-at-home parent,Married,University Bachelors Degree,Facebook,Other (please specify),"Business ",4-5hrs,Yes,Marketing,,Google Assist,,Somewhat helpful,No,,,,,,
2022-07-26 20:04:31,2022-07-26 20:08:33,IP Address,77.246.53.139,100,241,True,2022-07-26 20:08:33,R_2SAbqfVqEGT1V9H,,,,,-17.815,31.0478,anonymous,EN,"I consent, begin the study",18,"Zimbabwean ","Zimbabwe ",Female,,Other,Never been married,Completed Secondary School,"Tiktok,Whatsapp,Instagram","Have conversations,Other (please specify)","Entertainment ",6-7rs,No,Booking,,Google Assist,,Somewhat helpful,Yes,"Comprehensive sexuality education,Maternal Health & Antenatal,Sexual, Reproductive & Health disease, symptoms, treatment & prevention (e.g cervical cancer, prostate cancer, breast cancer)",,Probably yes,No,None,No
2022-07-26 20:05:20,2022-07-26 20:08:40,IP Address,46.64.29.95,100,199,True,2022-07-26 20:08:40,R_3HTXNT7USIq7hFS,,,,,53.3793,-1.4602,anonymous,EN,"I consent, begin the study",36,"Nigerian ","United Kingdom ",Female,,Working part-time,Married,"Graduate or professional degree (MA, MS, MBA, PhD, JD, MD, DDS)","Facebook,Whatsapp,Twitter","Have conversations,Share information",,2-3hrs,No,Other (please specify),None,Other (please specify),None,Not helpful,Yes,"Maternal Health & Antenatal,Mental Health,Contraceptives & family planning",,Might or might not,Yes,Human,No
2022-07-26 20:10:49,2022-07-26 20:17:21,IP Address,77.246.53.188,100,391,True,2022-07-26 20:17:21,R_1eVqJRgsSrq6jN6,,,,,-17.815,31.0478,anonymous,EN,"I consent, begin the study",25,"Zimbabwean ","Zimbabwe ",Female,,Working full-time,Never been married,Prefer not to say,Whatsapp,Have conversations,,6-7rs,Yes,Customer service,,Google Assist,,Somewhat helpful,Yes,"Sexual, Reproductive & Health disease, symptoms, treatment & prevention (e.g cervical cancer, prostate cancer, breast cancer),HIV/STI,Mental Health",,Might or might not,Yes,Human,No
2022-07-26 20:18:13,2022-07-26 20:22:57,IP Address,77.246.53.51,100,284,True,2022-07-26 20:22:57,R_25uwfj6Jsns7rJR,,,,,-17.815,31.0478,anonymous,EN,"I consent, begin the study",30,zimbabwe,Zimbabwe,Female,,A homemaker or stay-at-home parent,Divorced/Separated,Completed Secondary School,"Facebook,Tiktok,Whatsapp","Have conversations,Share information,Education,Health Research",,6-7rs,No,Productivity purpose,,Google Assist,,Somewhat helpful,No,,,,,,
2022-07-26 20:30:37,2022-07-26 20:32:58,IP Address,37.159.63.4,100,140,True,2022-07-26 20:32:58,R_3CIZrJpQS3RJ3bz,,,,,41.1344,14.7746,anonymous,EN,"I consent, begin the study",22,"Italian ",Italy,Female,,Student,Never been married,University Bachelors Degree,Whatsapp,Have conversations,,4-5hrs,No,Other (please specify),,Other (please specify),,Not helpful,No,,,,,,
2022-07-26 20:39:56,2022-07-26 20:42:23,IP Address,77.103.92.173,100,147,True,2022-07-26 20:42:24,R_1pEXu9ynktKa9O7,,,,,50.4788,-3.5446,anonymous,EN,"I consent, begin the study",43,British,Uk,Female,,Working full-time,Divorced/Separated,University Bachelors Degree,Facebook,"Have conversations,Share information",,0-1hr,Yes,Customer service,,Alexa,,Somewhat helpful,Yes,"Maternal Health & Antenatal,Sexual, Reproductive & Health disease, symptoms, treatment & prevention (e.g cervical cancer, prostate cancer, breast cancer),HIV/STI,Contraceptives & family planning",,Probably yes,Yes,Both,No
2022-07-26 20:44:20,2022-07-26 20:46:18,IP Address,2.100.157.187,100,118,True,2022-07-26 20:46:19,R_10OXeJlypo58zx7,,,,,53.1699,-2.9395,anonymous,EN,"I consent, begin the study",35,British,"England ",Male,,Working full-time,Never been married,University Bachelors Degree,Whatsapp,Have conversations,,4-5hrs,No,"Booking,Other (please specify)",,Other (please specify),,Not helpful,No,,,,,,
2022-07-26 20:54:56,2022-07-26 20:57:17,IP Address,92.40.190.151,100,140,True,2022-07-26 20:57:17,R_1Im7VcDlPXpjKtx,,,,,51.4964,-0.1224,anonymous,EN,"I consent, begin the study",29,Zimbabwean,"United Kingdom ",Male,,Working full-time,Never been married,"Graduate or professional degree (MA, MS, MBA, PhD, JD, MD, DDS)",Youtube,Share information,,2-3hrs,No,"Customer service,Booking",,"Google Assist,Siri",,Somewhat helpful,Yes,"Sexual, Reproductive & Health disease, symptoms, treatment & prevention (e.g cervical cancer, prostate cancer, breast cancer)",,Probably yes,Yes,Both,Maybe
2022-07-26 21:18:44,2022-07-26 21:23:17,IP Address,94.14.222.144,100,272,True,2022-07-26 21:23:17,R_1qfFUQWzSMrcqoe,,,,,53.3368,-1.3547,anonymous,EN,"I consent, begin the study",33,Nigerian,United Kingdom,Male,,Working full-time,Never been married,"Graduate or professional degree (MA, MS, MBA, PhD, JD, MD, DDS)",Instagram,"Have conversations,Share information",,2-3hrs,Yes,Booking,,Siri,,Helpful,Yes,Comprehensive sexuality education,,Might or might not,Yes,Human,No
2022-07-26 21:27:36,2022-07-26 21:30:29,IP Address,80.1.48.67,100,172,True,2022-07-26 21:30:29,R_2QFZThljECEOxwu,,,,,52.9538,-1.1571,anonymous,EN,"I consent, begin the study",24,Polish,UK,Female,,Working full-time,Never been married,University Bachelors Degree,"Tiktok,Whatsapp,Snapchat,Instagram","Have conversations,Create web content,Education",,4-5hrs,Yes,Customer service,,"Google Assist,Siri,Alexa,Cortana",,Somewhat helpful,Yes,"Comprehensive sexuality education,Sexual, Reproductive & Health disease, symptoms, treatment & prevention (e.g cervical cancer, prostate cancer, breast cancer),Contraceptives & family planning",,Probably yes,Yes,Both,Maybe
2022-07-26 21:31:56,2022-07-26 21:34:11,IP Address,83.137.6.250,100,134,True,2022-07-26 21:34:11,R_1KkJqsLEHnSR6F9,,,,,51.5245,-0.0255,anonymous,EN,"I consent, begin the study",19,Irish,United Kingdom,Female,,Student,Never been married,Some University but no degree,"Tiktok,Whatsapp,Instagram","Have conversations,Education",,4-5hrs,Yes,"Banking,Booking",,Siri,,Helpful,Yes,"Maternal Health & Antenatal,Sexual, Reproductive & Health disease, symptoms, treatment & prevention (e.g cervical cancer, prostate cancer, breast cancer),Sexual Assault services,Contraceptives & family planning",,Might or might not,Sometimes,Human,No
2022-07-26 21:30:49,2022-07-26 21:35:27,IP Address,41.60.108.139,100,277,True,2022-07-26 21:35:27,R_3EFpYQYWYXJ8wdY,,,,,-17.815,31.0478,anonymous,EN,"I consent, begin the study",28,"Zimbabwean ",USA,Non-binary/ third gender,,Working full-time,Never been married,University Bachelors Degree,Whatsapp,Have conversations,,2-3hrs,Yes,Customer service,,Alexa,,Helpful,Yes,"Comprehensive sexuality education,Sexual, Reproductive & Health disease, symptoms, treatment & prevention (e.g cervical cancer, prostate cancer, breast cancer),Sexual Assault services,HIV/STI,Mental Health",,Probably yes,Yes,Both,Maybe
2022-07-27 00:10:06,2022-07-27 00:14:23,IP Address,172.58.67.147,100,256,True,2022-07-27 00:14:23,R_29s0TDWzoBD3EwM,,,,,32.8266,-96.7888,anonymous,EN,"I consent, begin the study",29,Zambian,USA,Female,,Working full-time,Married,University Bachelors Degree,"Google,Whatsapp,Youtube","Have conversations,Share information,Education,Health Research",,6-7rs,Yes,"Productivity purpose,Customer service,Banking",,"Siri,Alexa",,Helpful,Yes,Mental Health,,Probably yes,Yes,Human,Maybe
2022-07-27 01:14:15,2022-07-27 01:22:29,IP Address,41.174.105.29,100,494,True,2022-07-27 01:22:30,R_24hZhxiOdkaf0BY,,,,,-17.815,31.0478,anonymous,EN,"I consent, begin the study",24,"Zimbabwean ","Zimbabwe ",Female,,Unemployed and looking for work,Never been married,Completed Secondary School,Facebook,Have conversations,,4-5hrs,Yes,Other (please specify),"Nothing ",Google Assist,,Helpful,Yes,"Comprehensive sexuality education,Sexual, Reproductive & Health disease, symptoms, treatment & prevention (e.g cervical cancer, prostate cancer, breast cancer),Sexual Assault services",,Might or might not,Yes,Human,Yes
2022-07-27 01:41:25,2022-07-27 01:45:05,IP Address,134.73.240.160,100,219,True,2022-07-27 01:45:05,R_2uwyYIPBTtabNZb,,,,,31.2222,121.4581,anonymous,EN,"I consent, begin the study",29,"Zimbabwean ",China,Female,,Working full-time,Never been married,University Bachelors Degree,"Google,Tiktok,Whatsapp,Youtube,Instagram","Have conversations,Share information,Education",,7hrs +,Yes,Other (please specify),"Questions ",Siri,,Somewhat helpful,Yes,"Mental Health,Contraceptives & family planning",,Probably yes,Yes,Human,Yes
2022-07-27 06:26:10,2022-07-27 06:31:07,IP Address,197.221.253.136,100,297,True,2022-07-27 06:31:07,R_3pndRsJL5iwEuGl,,,,,-17.815,31.0478,anonymous,EN,"I consent, begin the study",20,"Zimbabwean ","Zimbabwe ",Male,,Student,Never been married,Some University but no degree,Instagram,Education,,2-3hrs,No,Other (please specify),,Google Assist,,Helpful,Yes,"Sexual, Reproductive & Health disease, symptoms, treatment & prevention (e.g cervical cancer, prostate cancer, breast cancer)",,Definitely yes,Yes,Both,Maybe
2022-07-27 06:56:12,2022-07-27 07:00:12,IP Address,197.221.254.92,100,240,True,2022-07-27 07:00:12,R_1oGXYojZoNl8Q24,,,,,-17.815,31.0478,anonymous,EN,"I consent, begin the study",2,Zimbabwean,Zimbabwe,Male,,Student,Never been married,University Bachelors Degree,Twitter,Share information,,4-5hrs,No,Productivity purpose,,Siri,,Somewhat helpful,Yes,"Sexual, Reproductive & Health disease, symptoms, treatment & prevention (e.g cervical cancer, prostate cancer, breast cancer)",,Probably yes,Yes,Virtual Assistant,Maybe
2022-07-27 06:56:05,2022-07-27 07:04:04,IP Address,197.218.66.37,100,479,True,2022-07-27 07:04:05,R_293ToXBYxKCA1Cq,,,,,-25.9707,32.601,anonymous,EN,"I consent, begin the study",31,"Zimbabwean ",SA,Male,,Working full-time,Never been married,Vocational or Similar,Facebook,Have conversations,,2-3hrs,Yes,Customer service,,Google Assist,,Helpful,Yes,"Sexual, Reproductive & Health disease, symptoms, treatment & prevention (e.g cervical cancer, prostate cancer, breast cancer)",,Probably yes,Sometimes,Both,Yes
2022-07-27 07:14:47,2022-07-27 07:17:44,IP Address,105.242.73.10,100,177,True,2022-07-27 07:17:44,R_Z7PyvrWOBzpgObv,,,,,-26.3811,27.8376,anonymous,EN,"I consent, begin the study",22,"Zimbabwean ","South Africa ",Male,,Student,Never been married,Some University but no degree,"Whatsapp,Instagram","Have conversations,Share information,Create web content,Education",,7hrs +,No,Other (please specify),,Siri,,Helpful,Yes,"Sexual, Reproductive & Health disease, symptoms, treatment & prevention (e.g cervical cancer, prostate cancer, breast cancer),Mental Health",,Probably yes,No,Both,Yes
2022-07-27 07:56:46,2022-07-27 08:02:54,IP Address,77.246.49.53,100,367,True,2022-07-27 08:02:54,R_1lfVwLQz1vpdiAz,,,,,-17.815,31.0478,anonymous,EN,"I consent, begin the study",19,"Zimbabwe ","Zimbabwe ",Female,,Student,Never been married,Completed Secondary School,Whatsapp,Have conversations,,7hrs +,Yes,Customer service,,Google Assist,,Helpful,Yes,"Sexual, Reproductive & Health disease, symptoms, treatment & prevention (e.g cervical cancer, prostate cancer, breast cancer)",,Probably yes,No,Both,Maybe
2022-07-27 08:11:03,2022-07-27 08:16:26,IP Address,82.132.214.142,100,322,True,2022-07-27 08:16:26,R_3EbReTW1CUJduGv,,,,,51.5435,-0.1733,anonymous,EN,"I consent, begin the study",57,"British ",UK,Female,,Working part-time,Married,University Bachelors Degree,Instagram,"Have conversations,Share information",,2-3hrs,Yes,"Customer service,Banking,Booking",,"Siri,Alexa",,Helpful,Yes,"Maternal Health & Antenatal,Sexual, Reproductive & Health disease, symptoms, treatment & prevention (e.g cervical cancer, prostate cancer, breast cancer)",,Probably yes,Yes,Both,Yes
2022-07-27 08:18:15,2022-07-27 08:27:25,IP Address,197.221.255.61,100,550,True,2022-07-27 08:27:26,R_21hc1y7sR9uESjy,,,,,-17.815,31.0478,anonymous,EN,"I consent, begin the study",20,"Zimbabwean ",Zimbabwe,Female,,Student,Never been married,Completed Secondary School,Whatsapp,Have conversations,,6-7rs,No,Other (please specify),,Other (please specify),,Somewhat helpful,Yes,"Sexual, Reproductive & Health disease, symptoms, treatment & prevention (e.g cervical cancer, prostate cancer, breast cancer),Sexual Assault services,HIV/STI",,Might or might not,No,Virtual Assistant,No
2022-07-27 08:23:33,2022-07-27 08:27:40,IP Address,90.209.186.147,100,246,True,2022-07-27 08:27:40,R_1jvbcunJq4sqagL,,,,,54.0355,-2.8444,anonymous,EN,"I consent, begin the study",46,British,England,Female,,Working full-time,Married,University Bachelors Degree,"Facebook,Tiktok,Whatsapp,Twitter,LinkedIn","Share information,Education",,2-3hrs,Yes,"Customer service,Banking",,"Siri,Alexa,Other (please specify)",Own brand of company,Somewhat helpful,No,,,,,,
2022-07-27 08:38:58,2022-07-27 08:43:38,IP Address,78.144.116.119,100,279,True,2022-07-27 08:43:38,R_3MytmsChwVYE3Xm,,,,,53.682,-2.9115,anonymous,EN,"I consent, begin the study",40,English,"England ",Female,,Working full-time,Living with a partner,University Bachelors Degree,Facebook,Education,,2-3hrs,No,Customer service,,Other (please specify),STA,Somewhat helpful,Yes,"Sexual, Reproductive & Health disease, symptoms, treatment & prevention (e.g cervical cancer, prostate cancer, breast cancer),Contraceptives & family planning,Other (please specify)","Work related clinical information ",Might or might not,Yes,Human,No
2022-07-27 08:48:54,2022-07-27 08:50:17,IP Address,109.157.178.7,100,82,True,2022-07-27 08:50:17,R_SZzmg9oCH0EqoQp,,,,,55.0312,-1.5695,anonymous,EN,"I consent, begin the study",38,"British ",Uk,Female,,Working part-time,Married,"Graduate or professional degree (MA, MS, MBA, PhD, JD, MD, DDS)",Facebook,Have conversations,,2-3hrs,Yes,"Customer service,Banking",,"Siri,Alexa",,Somewhat helpful,No,,,,,,
2022-07-27 09:08:04,2022-07-27 09:10:42,IP Address,94.15.137.239,100,157,True,2022-07-27 09:10:42,R_2xER9i8foAfq6Kp,,,,,51.9014,0.5454,anonymous,EN,"I do not consent, I do not wish to participate",,,,,,,,,,,,,,,,,,,,,,,,,
2022-07-27 09:11:11,2022-07-27 09:17:16,IP Address,94.15.137.239,100,364,True,2022-07-27 09:17:16,R_uqS7sn5OgnDaY9z,,,,,51.9014,0.5454,anonymous,EN,"I consent, begin the study",30,"Nigerian ",United Kingdom,Prefer to self-describe,,Working part-time,Never been married,Prefer not to say,"Facebook,Google,Whatsapp,Instagram","Have conversations,Share information",,2-3hrs,Yes,"Customer service,Banking",,"Google Assist,Siri,Alexa",,Helpful,Yes,"Sexual, Reproductive & Health disease, symptoms, treatment & prevention (e.g cervical cancer, prostate cancer, breast cancer),Mental Health",,Probably yes,Yes,Both,Yes
2022-07-27 09:19:35,2022-07-27 09:21:36,IP Address,77.97.35.77,100,120,True,2022-07-27 09:21:36,R_tKDqgSnMqRwxG49,,,,,52.6035,-2.0412,anonymous,EN,"I consent, begin the study",57,English,United Kingdom,Female,,Working full-time,Married,University Bachelors Degree,Whatsapp,Have conversations,,2-3hrs,Yes,Customer service,,Alexa,,Somewhat helpful,No,,,,,,
2022-07-27 09:41:21,2022-07-27 09:46:15,IP Address,5.62.43.141,100,294,True,2022-07-27 09:46:16,R_u9UOnphHfac17nr,,,,,51.5081,-0.1278,anonymous,EN,"I consent, begin the study",75,British,England,Female,,Retired,Married,Completed Secondary School,"Facebook,Whatsapp","Have conversations,Share information,Other (please specify)","Holidays ",7hrs +,No,Other (please specify),Not on it,Alexa,,Somewhat helpful,No,,,,,,
2022-07-27 09:46:38,2022-07-27 09:48:20,IP Address,94.14.134.214,100,102,True,2022-07-27 09:48:21,R_3M3RAJ3wh3X3Dst,,,,,54.0479,-2.7977,anonymous,EN,"I consent, begin the study",47,British,Uk,Female,,Working full-time,Divorced/Separated,"Graduate or professional degree (MA, MS, MBA, PhD, JD, MD, DDS)","Facebook,Google,Whatsapp,Twitter,Youtube,Instagram,LinkedIn","Have conversations,Share information",,2-3hrs,Yes,"Customer service,Banking,Booking",,"Siri,Alexa",,Somewhat helpful,No,,,,,,
2022-07-27 09:31:52,2022-07-27 09:35:16,IP Address,104.28.86.85,100,203,True,2022-07-27 09:50:17,R_zZipi53dz1MbXEt,,,,,52.4606,-1.9238,anonymous,EN,"I consent, begin the study",39,british,"united kingdom ",Female,,Student,Married,"Graduate or professional degree (MA, MS, MBA, PhD, JD, MD, DDS)","Facebook,Whatsapp,Twitter,Youtube,Instagram","Have conversations,Share information,Education,Health Research",,4-5hrs,Yes,"Productivity purpose,Customer service",,"Siri,Alexa",,Somewhat helpful,No,,,,,,
2022-07-27 09:47:48,2022-07-27 10:00:20,IP Address,169.239.26.94,100,752,True,2022-07-27 10:00:21,R_6KXZthWTRuChe5X,,,,,-17.815,31.0478,anonymous,EN,"I consent, begin the study",31,zimbabwean,zimbabwe,Male,,Working full-time,Married,University Bachelors Degree,"Google,Tiktok,Twitter,Youtube,LinkedIn","Have conversations,Share information,Education,Other (please specify)",pornography,4-5hrs,Yes,Marketing,,Google Assist,,Helpful,Yes,"Comprehensive sexuality education,Contraceptives & family planning",,Might or might not,Yes,Both,Maybe
2022-07-27 09:57:30,2022-07-27 10:00:53,IP Address,203.206.7.145,100,203,True,2022-07-27 10:00:53,R_Q3uQEHpFlX6NsfT,,,,,-34.9281,138.5999,anonymous,EN,"I consent, begin the study",67,"Australian ","Australia ",Female,,Retired,Living with a partner,"Graduate or professional degree (MA, MS, MBA, PhD, JD, MD, DDS)","Facebook,Google,Twitter,Youtube,Instagram","Have conversations,Share information",,2-3hrs,Yes,Customer service,,Cortana,,Somewhat helpful,No,,,,,,
2022-07-27 10:10:55,2022-07-27 10:14:55,IP Address,197.221.232.180,100,240,True,2022-07-27 10:14:56,R_3pXAVCeVGbR1GZH,,,,,-17.815,31.0478,anonymous,EN,"I consent, begin the study",18,"Zimbabwean ","Zimbabwe ",Female,,Student,Never been married,Completed Secondary School,Whatsapp,Share information,,7hrs +,No,Other (please specify),"Have not used it before ",Cortana,,Helpful,Yes,Mental Health,,Probably yes,Yes,Virtual Assistant,Yes
2022-07-27 10:14:08,2022-07-27 10:16:10,IP Address,59.102.98.22,100,122,True,2022-07-27 10:16:11,R_87hNg7FqmhpowfL,,,,,-34.9281,138.5999,anonymous,EN,"I consent, begin the study",44,Australian,Australia,Male,,Working full-time,Living with a partner,"Graduate or professional degree (MA, MS, MBA, PhD, JD, MD, DDS)",Facebook,"Have conversations,Share information,Education",,2-3hrs,Yes,Customer service,,Siri,,Helpful,No,,,,,,
2022-07-27 10:14:37,2022-07-27 10:16:45,IP Address,92.26.130.239,100,127,True,2022-07-27 10:16:45,R_3MmSheefYf3htwX,,,,,54.8706,-2.946,anonymous,EN,"I consent, begin the study",35,"British ","England ",Female,,Student,Never been married,Completed Secondary School,Facebook,Other (please specify),Keep in touch,2-3hrs,Yes,Customer service,,Alexa,,Somewhat helpful,No,,,,,,
2022-07-27 10:20:07,2022-07-27 10:23:15,IP Address,107.77.201.172,100,187,True,2022-07-27 10:23:16,R_1ONTXWOKOr2shsG,,,,,32.7797,-96.8022,anonymous,EN,"I consent, begin the study",41,"American ","America ",Male,,Working full-time,Married,Some University but no degree,"Facebook,Tiktok,Youtube",Have conversations,,7hrs +,Yes,Customer service,,"Google Assist,Siri",,Somewhat helpful,No,,,,,,
2022-07-27 10:28:49,2022-07-27 10:34:10,IP Address,2.24.135.71,100,320,True,2022-07-27 10:34:10,R_vB6EgJCLq0XY2M9,,,,,54.1166,-3.235,anonymous,EN,"I consent, begin the study",72,Welsh,England,Male,,Retired,Divorced/Separated,University Bachelors Degree,Twitter,Share information,,0-1hr,Yes,"Customer service,Banking,Booking",,Alexa,,Helpful,Yes,"Sexual, Reproductive & Health disease, symptoms, treatment & prevention (e.g cervical cancer, prostate cancer, breast cancer)",,Might or might not,Yes,Both,Maybe
2022-07-27 06:11:16,2022-07-27 10:36:40,IP Address,41.150.34.242,100,15923,True,2022-07-27 10:36:41,R_10ZeZdQV74uROhj,,,,,-26.3811,27.8376,anonymous,EN,"I consent, begin the study",29,"Zimbabwean ","South Africa ",Male,,Working full-time,Never been married,Some University but no degree,Whatsapp,Share information,,4-5hrs,Yes,Booking,,Google Assist,,Somewhat helpful,Yes,Comprehensive sexuality education,,Might or might not,Sometimes,Human,No
2022-07-27 10:39:52,2022-07-27 10:44:49,IP Address,197.221.253.152,100,297,True,2022-07-27 10:44:50,R_3KPeUXF6q4GHwkn,,,,,-17.815,31.0478,anonymous,EN,"I consent, begin the study",27,"Zimbabwean ","Zimbabwe ",Female,,Working full-time,Never been married,University Bachelors Degree,"Facebook,Google,Whatsapp,Youtube,LinkedIn","Have conversations,Share information,Education,Health Research",,2-3hrs,Yes,"Productivity purpose,Customer service",,Google Assist,,Helpful,Yes,"Comprehensive sexuality education,Sexual, Reproductive & Health disease, symptoms, treatment & prevention (e.g cervical cancer, prostate cancer, breast cancer),Mental Health",,Might or might not,Yes,Both,Yes
2022-07-27 10:38:30,2022-07-27 10:48:05,IP Address,41.175.139.3,100,575,True,2022-07-27 10:48:06,R_33kh04JmAV9b1LF,,,,,-17.815,31.0478,anonymous,EN,"I consent, begin the study",20,"Zimbabwean ","Zimbabwe ",Male,,Student,Never been married,Completed Secondary School,Whatsapp,Share information,,2-3hrs,Yes,Other (please specify),"School purposes ",Other (please specify),Zimsec,Helpful,Yes,"Sexual, Reproductive & Health disease, symptoms, treatment & prevention (e.g cervical cancer, prostate cancer, breast cancer),HIV/STI,Contraceptives & family planning",,Probably yes,Yes,Both,Yes
2022-07-27 10:33:47,2022-07-27 10:36:49,IP Address,151.229.164.33,100,181,True,2022-07-27 10:51:50,R_UiiUjDqfTzelmcF,,,,,54.0479,-2.7977,anonymous,EN,"I consent, begin the study",60,British,England,Female,,Working part-time,Married,Some University but no degree,Facebook,"Have conversations,Share information,Other (please specify)",Keep in touch with family and friends all over the world,2-3hrs,Yes,Customer service,,Google Assist,,Somewhat helpful,No,,,,,,
2022-07-27 10:43:39,2022-07-27 10:53:26,IP Address,41.174.110.163,100,586,True,2022-07-27 10:53:26,R_2azgc3Vi8EatScL,,,,,-17.815,31.0478,anonymous,EN,"I consent, begin the study",28,"Zimbabwe ",Zimbabwe,Female,,Working full-time,Never been married,"Graduate or professional degree (MA, MS, MBA, PhD, JD, MD, DDS)","Facebook,Google,Whatsapp,Youtube","Have conversations,Share information,Education,Health Research",,4-5hrs,Yes,Productivity purpose,,Siri,,Helpful,Yes,"Comprehensive sexuality education,Sexual, Reproductive & Health disease, symptoms, treatment & prevention (e.g cervical cancer, prostate cancer, breast cancer),HIV/STI,Mental Health,Contraceptives & family planning",,Definitely yes,Yes,Both,Yes
2022-07-27 11:15:19,2022-07-27 11:21:13,IP Address,84.71.236.17,100,353,True,2022-07-27 11:21:13,R_2bI8JN049RyBRDj,,,,,51.4643,-0.0119,anonymous,EN,"I consent, begin the study",39,British,UK,Male,,Working full-time,Married,"Graduate or professional degree (MA, MS, MBA, PhD, JD, MD, DDS)","Whatsapp,Youtube,LinkedIn","Have conversations,Education,Other (please specify)",Build connection,4-5hrs,Yes,"Customer service,Banking",,Other (please specify),,Somewhat helpful,No,,,,,,
2022-07-27 11:26:43,2022-07-27 11:29:39,IP Address,80.44.44.110,100,175,True,2022-07-27 11:29:39,R_3J0KkqISsZjRyRX,,,,,53.4477,-1.2045,anonymous,EN,"I consent, begin the study",35,Nigerian,United Kingdom,Male,,Working full-time,Never been married,"Graduate or professional degree (MA, MS, MBA, PhD, JD, MD, DDS)","Whatsapp,Instagram",Have conversations,,2-3hrs,Yes,Customer service,,Google Assist,,Helpful,Yes,"Maternal Health & Antenatal,Sexual, Reproductive & Health disease, symptoms, treatment & prevention (e.g cervical cancer, prostate cancer, breast cancer),Mental Health",,Might or might not,Sometimes,Human,No
2022-07-27 12:06:08,2022-07-27 12:09:56,IP Address,197.221.253.80,100,228,True,2022-07-27 12:09:56,R_2xGjIFtXrBFTSCP,,,,,-17.815,31.0478,anonymous,EN,"I consent, begin the study",19,Zimbabwean,"Zimbabwe ",Female,,Student,Never been married,Completed Secondary School,Whatsapp,Have conversations,,2-3hrs,No,Productivity purpose,,Google Assist,,Helpful,No,,,,,,
2022-07-27 13:28:30,2022-07-27 13:31:40,IP Address,172.58.238.250,100,190,True,2022-07-27 13:31:41,R_3m4VeCg6QKl4V3J,,,,,40.7337,-74.1939,anonymous,EN,"I consent, begin the study",30,"Zimbabwean ",US,Female,,Student,Never been married,University Bachelors Degree,Whatsapp,Have conversations,,4-5hrs,No,Other (please specify),N/A,Alexa,,Helpful,Yes,Mental Health,,Probably yes,Yes,Both,Yes
2022-07-27 06:59:34,2022-07-27 13:32:52,IP Address,196.41.88.230,100,23597,True,2022-07-27 13:32:52,R_2zwfL4sZcHnkfOJ,,,,,-19,29.75,anonymous,EN,"I consent, begin the study",31,Zimbabwean,"Zimbabwe ",Male,,Working part-time,Never been married,University Bachelors Degree,"Facebook,Google,Whatsapp,Twitter,Youtube,Instagram",Other (please specify),"For advertising and learning how some business ideas ",2-3hrs,Yes,Productivity purpose,,"Google Assist,Siri",,Helpful,No,,,,,,
2022-07-27 13:29:38,2022-07-27 13:35:56,IP Address,14.2.103.208,100,378,True,2022-07-27 13:35:56,R_DvpvreQQLdImSel,,,,,-34.9281,138.5999,anonymous,EN,"I consent, begin the study",36,Auatralian,Australia,Female,,Working full-time,Married,"Graduate or professional degree (MA, MS, MBA, PhD, JD, MD, DDS)",Tiktok,"Share information,Create web content",,2-3hrs,Yes,"Productivity purpose,Other (please specify)",Hand free activity with my phone,Siri,,Helpful,Yes,Other (please specify),"Pelvic floor health, COVID variants and worldwide trends",Might or might not,Sometimes,Both,Maybe
2022-07-27 14:16:06,2022-07-27 14:19:09,IP Address,86.159.10.53,100,182,True,2022-07-27 14:19:09,R_3qJ4oaodaL6rkvA,,,,,53.1187,-1.2649,anonymous,EN,"I consent, begin the study",45,British,Uk,Prefer to self-describe,,Working part-time,Widowed,Prefer not to say,LinkedIn,Have conversations,,4-5hrs,Yes,Customer service,,Other (please specify),BT,Not helpful,No,,,,,,
2022-07-27 15:29:55,2022-07-27 15:32:32,IP Address,84.71.21.249,100,156,True,2022-07-27 15:32:32,R_1mFcPILBgV37n8Q,,,,,51.4096,-0.4926,anonymous,EN,"I consent, begin the study",35,British,England,Female,,Working full-time,Married,"Graduate or professional degree (MA, MS, MBA, PhD, JD, MD, DDS)",Instagram,Have conversations,,2-3hrs,Yes,Customer service,,Google Assist,,Somewhat helpful,No,,,,,,
2022-07-27 16:32:05,2022-07-27 16:34:26,IP Address,217.57.88.158,100,141,True,2022-07-27 16:34:27,R_1jkNrG9NnU9sPnL,,,,,45.4724,11.8493,anonymous,EN,"I consent, begin the study",38,"South African ","Italy ",Female,,Working full-time,Never been married,University Bachelors Degree,"Facebook,Google,Whatsapp,Instagram","Have conversations,Share information",,6-7rs,No,Banking,,Google Assist,,Somewhat helpful,No,,,,,,
2022-07-27 17:01:30,2022-07-27 17:03:16,IP Address,165.120.117.144,100,105,True,2022-07-27 17:03:16,R_3kFVgQNoUVyoQD4,,,,,51.3724,1.1561,anonymous,EN,"I consent, begin the study",48,"British ","England ",Male,,Working full-time,Married,Some University but no degree,Youtube,Education,,2-3hrs,Yes,Marketing,,Siri,,Helpful,No,,,,,,
2022-07-27 17:08:00,2022-07-27 17:11:36,IP Address,151.231.98.132,100,216,True,2022-07-27 17:11:36,R_Apt2Egozl39GH0R,,,,,53.8119,-3.0226,anonymous,EN,"I consent, begin the study",58,"British ",Uk,Female,,Working full-time,Married,University Bachelors Degree,"Facebook,Google,Whatsapp,Snapchat,Youtube,Instagram,LinkedIn","Have conversations,Share information,Create web content,Education,Health Research",,4-5hrs,No,Banking,,Siri,,Helpful,Yes,"Comprehensive sexuality education,Maternal Health & Antenatal,Contraceptives & family planning",,Definitely yes,Yes,Human,Yes
2022-07-27 17:33:56,2022-07-27 17:38:04,IP Address,90.205.220.172,100,248,True,2022-07-27 17:38:05,R_yJzybI9Z0XzpNKh,,,,,53.8119,-3.0226,anonymous,EN,"I consent, begin the study",43,British,England,Female,,A homemaker or stay-at-home parent,Divorced/Separated,Some University but no degree,"Facebook,Google,Tiktok,Whatsapp,Youtube,Instagram","Have conversations,Share information,Education,Health Research",,2-3hrs,Yes,"Customer service,Booking",,"Google Assist,Cortana",,Somewhat helpful,Yes,"Maternal Health & Antenatal,Sexual, Reproductive & Health disease, symptoms, treatment & prevention (e.g cervical cancer, prostate cancer, breast cancer),Mental Health",,Probably yes,Yes,Both,Maybe
2022-07-27 17:50:49,2022-07-27 17:53:06,IP Address,82.132.237.201,100,136,True,2022-07-27 17:53:07,R_2PgQhz2gGBrYPZq,,,,,53.4142,-2.228,anonymous,EN,"I consent, begin the study",49,"British ","Northern Ireland ",Female,,Working part-time,Married,University Bachelors Degree,"Facebook,Whatsapp,Instagram","Have conversations,Share information",,2-3hrs,Yes,Customer service,,"Siri,Cortana",,Somewhat helpful,Yes,Contraceptives & family planning,,Might or might not,Yes,Human,Maybe
2022-07-27 18:09:32,2022-07-27 18:13:32,IP Address,31.50.187.156,100,239,True,2022-07-27 18:13:32,R_djcjB8mtrU7gSPv,,,,,54.0677,-2.8565,anonymous,EN,"I consent, begin the study",43,"British ","United Kingdom. ",Female,,Working full-time,Married,University Bachelors Degree,"Facebook,Tiktok","Have conversations,Share information,Other (please specify)","Social events ",2-3hrs,Yes,Customer service,,"Google Assist,Alexa",,Somewhat helpful,No,,,,,,
2022-07-27 18:13:20,2022-07-27 18:24:53,IP Address,197.221.253.174,100,693,True,2022-07-27 18:24:54,R_2ziLWTIoNN9VY3l,,,,,-17.815,31.0478,anonymous,EN,"I consent, begin the study",20,Zimbabwean,Zimbabwe,Male,,Working part-time,Never been married,Completed Secondary School,Instagram,Education,,0-1hr,No,Other (please specify),,Other (please specify),,Helpful,Yes,"Maternal Health & Antenatal,Sexual, Reproductive & Health disease, symptoms, treatment & prevention (e.g cervical cancer, prostate cancer, breast cancer),Mental Health",,Probably yes,Yes,Both,Maybe
2022-07-27 18:26:02,2022-07-27 18:30:10,IP Address,197.221.253.15,100,248,True,2022-07-27 18:30:10,R_3RdOzLJ8BMFXoRC,,,,,-17.815,31.0478,anonymous,EN,"I consent, begin the study",27,Zimbabwean,Zimbabwe,Female,,A homemaker or stay-at-home parent,Married,University Bachelors Degree,"Whatsapp,Instagram",Education,,2-3hrs,No,Productivity purpose,,Google Assist,,Helpful,No,,,,,,
2022-07-27 18:41:56,2022-07-27 18:45:03,IP Address,90.219.87.59,100,186,True,2022-07-27 18:45:03,R_2CKbBXVN1aMgOFq,,,,,55.0359,-3.8301,anonymous,EN,"I consent, begin the study",26,Nigerian,"Scotland ",Male,,Working full-time,Never been married,"Graduate or professional degree (MA, MS, MBA, PhD, JD, MD, DDS)",Whatsapp,Have conversations,,4-5hrs,No,Customer service,,Cortana,,Somewhat helpful,Yes,"Comprehensive sexuality education,Sexual, Reproductive & Health disease, symptoms, treatment & prevention (e.g cervical cancer, prostate cancer, breast cancer),Mental Health",,Definitely yes,Yes,Human,No
2022-07-27 19:02:40,2022-07-27 19:06:45,IP Address,77.246.49.20,100,245,True,2022-07-27 19:06:46,R_38cIJ2f82phor1D,,,,,-17.815,31.0478,anonymous,EN,"I consent, begin the study",35,Zimbabwean,Zimbabwe,Male,,Other,Never been married,"Graduate or professional degree (MA, MS, MBA, PhD, JD, MD, DDS)","Facebook,Whatsapp,Youtube,LinkedIn",Other (please specify),Business,7hrs +,Yes,Customer service,,Cortana,,Helpful,No,,,,,,
2022-07-27 18:49:14,2022-07-27 19:48:05,IP Address,197.221.255.64,100,3530,True,2022-07-27 19:48:05,R_1myAT2hKAWMFsPi,,,,,-17.815,31.0478,anonymous,EN,"I consent, begin the study",21,"Zimbabwean ","Zimbabwe ",Male,,Student,Never been married,Completed Secondary School,"Facebook,Google,Whatsapp,Youtube,Instagram","Have conversations,Share information,Create web content,Education,Health Research,Other (please specify)",,4-5hrs,Yes,Other (please specify),,"Google Assist,Siri",,Helpful,Yes,"Sexual, Reproductive & Health disease, symptoms, treatment & prevention (e.g cervical cancer, prostate cancer, breast cancer),HIV/STI,Mental Health",,Probably yes,Yes,Human,Maybe
2022-07-27 23:03:53,2022-07-27 23:08:28,IP Address,102.134.169.211,100,275,True,2022-07-27 23:08:29,R_1IdblOxRh7GJDQx,,,,,-24.6437,25.9112,anonymous,EN,"I consent, begin the study",28,"Zimbabwean ","BOTSWANA ",Male,,Working part-time,Divorced/Separated,Completed Secondary School,Whatsapp,Have conversations,,4-5hrs,No,Other (please specify),,Google Assist,,Helpful,Yes,HIV/STI,,Probably yes,Yes,Both,Maybe
2022-07-27 23:55:55,2022-07-27 23:59:43,IP Address,193.28.38.202,100,228,True,2022-07-27 23:59:44,R_8jEHN0TFpYH1emd,,,,,53.3793,-1.4602,anonymous,EN,"I consent, begin the study",23,Nigerian,"United Kingdom ",Female,,Working part-time,Never been married,University Bachelors Degree,"Google,Whatsapp,Instagram","Have conversations,Share information,Create web content,Education",,6-7rs,Yes,"Productivity purpose,Customer service",,Siri,,Helpful,Yes,"Sexual, Reproductive & Health disease, symptoms, treatment & prevention (e.g cervical cancer, prostate cancer, breast cancer),Mental Health",,Might or might not,Yes,Human,Yes
2022-07-28 08:12:37,2022-07-28 08:20:31,IP Address,41.174.183.106,100,473,True,2022-07-28 08:20:31,R_ueuWTxabxQkYDlL,,,,,-17.815,31.0478,anonymous,EN,"I consent, begin the study",29,Zimbabwean,Zimbabwe,Male,,Working full-time,Married,University Bachelors Degree,"Facebook,Google,Tiktok,Whatsapp,Twitter,Youtube,LinkedIn","Have conversations,Share information,Education,Health Research",,2-3hrs,Yes,"Customer service,Banking",,"Google Assist,Siri,Cortana",,Helpful,Yes,"Comprehensive sexuality education,Sexual, Reproductive & Health disease, symptoms, treatment & prevention (e.g cervical cancer, prostate cancer, breast cancer),HIV/STI,Mental Health",,Definitely yes,Yes,Both,Yes
2022-07-28 11:19:14,2022-07-28 11:22:03,IP Address,82.132.233.166,100,169,True,2022-07-28 11:22:03,R_3EApFjh119nEoxK,,,,,51.6017,-0.0732,anonymous,EN,"I consent, begin the study",30,Nigerian,United kingdom,Female,,Student,Married,"Graduate or professional degree (MA, MS, MBA, PhD, JD, MD, DDS)",Whatsapp,Have conversations,,7hrs +,Yes,"Banking,Booking",,"Google Assist,Cortana",,Helpful,No,,,,,,
2022-07-28 12:41:12,2022-07-28 12:46:30,IP Address,188.223.15.139,100,318,True,2022-07-28 12:46:31,R_RD2GyR3I3h01jj3,,,,,53.7543,-1.5462,anonymous,EN,"I consent, begin the study",42,Nigerian,England,Female,,Working full-time,Married,Prefer not to say,Youtube,Other (please specify),"General knowledge ",4-5hrs,Yes,Customer service,,Siri,,Somewhat helpful,Yes,"Comprehensive sexuality education,Maternal Health & Antenatal,Contraceptives & family planning",,Definitely yes,Yes,Human,Maybe
2022-07-28 13:06:42,2022-07-28 13:11:00,IP Address,92.237.82.127,100,258,True,2022-07-28 13:11:01,R_1IB0U1pPTp2XIKF,,,,,53.3376,-1.4771,anonymous,EN,"I consent, begin the study",54,British,United Kingdom,Male,,Working full-time,Married,"Graduate or professional degree (MA, MS, MBA, PhD, JD, MD, DDS)","Whatsapp,Twitter,Youtube,LinkedIn","Share information,Education,Health Research,Other (please specify)",Entertainment,2-3hrs,Yes,Customer service,,Other (please specify),Organisation specific,Somewhat helpful,Yes,Mental Health,,Probably yes,Yes,Both,Yes
2022-07-28 17:44:04,2022-07-28 17:48:40,IP Address,197.221.253.134,100,276,True,2022-07-28 17:48:40,R_2xY4lxhByoOX5ig,,,,,-17.815,31.0478,anonymous,EN,"I consent, begin the study",32,Zimbabwean,Zimbabwe,Male,,Working full-time,Widowed,University Bachelors Degree,"Facebook,Google,Tiktok,Whatsapp,Twitter,Youtube,Instagram,LinkedIn","Have conversations,Share information,Create web content,Education,Health Research",,4-5hrs,Yes,"Productivity purpose,Marketing,Customer service",,"Google Assist,Siri,Cortana",,Helpful,Yes,"Comprehensive sexuality education,Maternal Health & Antenatal,Sexual, Reproductive & Health disease, symptoms, treatment & prevention (e.g cervical cancer, prostate cancer, breast cancer),Sexual Assault services,Contraceptives & family planning",,Definitely yes,Yes,Both,Maybe
2022-07-29 06:55:35,2022-07-29 07:01:37,IP Address,120.20.1.168,100,361,True,2022-07-29 07:01:37,R_1PRB4BhgfI9sIpX,,,,,-34.9281,138.5999,anonymous,EN,"I consent, begin the study",29,Australian,Australia,Female,,Working full-time,Married,"Graduate or professional degree (MA, MS, MBA, PhD, JD, MD, DDS)",Whatsapp,Have conversations,,4-5hrs,No,Other (please specify),Nil,Siri,,Helpful,Yes,"Maternal Health & Antenatal,Mental Health,Contraceptives & family planning",,Definitely not,Yes,Human,No
2022-07-29 18:10:00,2022-07-29 18:15:03,IP Address,41.60.107.78,100,302,True,2022-07-29 18:15:04,R_24AkjGluMeAm76t,,,,,-17.815,31.0478,anonymous,EN,"I consent, begin the study",33,"Zimbabwean ","Zimbabwe ",Female,,Student,Never been married,University Bachelors Degree,"Facebook,Google,Tiktok,Whatsapp,Snapchat,Twitter,Youtube,Instagram","Have conversations,Share information,Education,Health Research",,6-7rs,Yes,Banking,,Other (please specify),Banc abc bot,Helpful,Yes,"Sexual, Reproductive & Health disease, symptoms, treatment & prevention (e.g cervical cancer, prostate cancer, breast cancer)",,Probably yes,Yes,Virtual Assistant,Yes
2022-07-29 22:39:54,2022-07-29 22:41:37,IP Address,213.205.210.109,100,102,True,2022-07-29 22:41:37,R_p5UNdL37qqlVKiB,,,,,51.5597,-0.0528,anonymous,EN,"I consent, begin the study",32,British,Uk,Female,,Working full-time,Married,University Bachelors Degree,Instagram,Create web content,,4-5hrs,Yes,Customer service,,Other (please specify),"Companies own- admiral, HSBC, currys, argos",Somewhat helpful,No,,,,,,
2022-07-30 14:09:41,2022-07-30 14:13:25,IP Address,37.162.194.82,100,223,True,2022-07-30 14:13:25,R_3sbM2Eds6SuWnaf,,,,,43.1479,12.1097,anonymous,EN,"I consent, begin the study",31,ZIMBABWEAN,"Italy ",Female,,Student,Divorced/Separated,University Bachelors Degree,"Google,Whatsapp,Youtube,Instagram","Have conversations,Education",,2-3hrs,No,"Booking,Other (please specify)",,Google Assist,,Somewhat helpful,Yes,"Maternal Health & Antenatal,Sexual, Reproductive & Health disease, symptoms, treatment & prevention (e.g cervical cancer, prostate cancer, breast cancer),Mental Health",,Might or might not,Yes,Human,Maybe
2022-08-02 06:38:58,2022-08-02 06:45:10,IP Address,197.221.255.128,100,371,True,2022-08-02 06:45:10,R_2OZvxN1P9byXPbK,,,,,-17.815,31.0478,anonymous,EN,"I consent, begin the study",16,Zimbabwean,Zimbabwe,Prefer to self-describe,Female,Student,Never been married,Some Secondary,Tiktok,Education,,7hrs +,No,Other (please specify),,Google Assist,,Helpful,No,,,,,,
2022-07-26 17:05:35,2022-07-26 17:06:06,IP Address,41.220.29.98,10,30,False,2022-08-02 17:06:14,R_3L75qmvATwMYJea,,,,,,,anonymous,EN,"I consent, begin the study",31,,,,,,,,,,,,,,,,,,,,,,,,
2022-07-26 17:31:53,2022-07-26 17:33:46,IP Address,102.128.79.118,62,112,False,2022-08-02 17:33:54,R_a8K8Q1wovvY2W09,,,,,,,anonymous,EN,"I consent, begin the study",39,"Zimbabwean ",Zimbabwe,Male,,Working full-time,Married,"Graduate or professional degree (MA, MS, MBA, PhD, JD, MD, DDS)",Whatsapp,Have conversations,,4-5hrs,Yes,Banking,,,,,,,,,,,
2022-07-26 19:13:49,2022-07-26 19:14:13,IP Address,92.40.187.214,10,24,False,2022-08-02 19:14:19,R_2pK22DYB66WobiE,,,,,,,anonymous,EN,"I consent, begin the study",29,,,,,,,,,,,,,,,,,,,,,,,,
2022-07-27 06:22:57,2022-07-27 06:29:55,IP Address,77.246.53.177,57,417,False,2022-08-03 06:30:01,R_9zYlDyB6qur2BHz,,,,,,,anonymous,EN,"I consent, begin the study",19,"Zimbabwean ","Zimbabwe ",Female,,Student,Never been married,Completed Secondary School,Whatsapp,Education,,2-3hrs,No,,,,,,,,,,,,
2022-07-27 08:46:52,2022-07-27 08:54:11,IP Address,102.128.79.86,62,439,False,2022-08-03 08:54:13,R_3nk2XSULKSSC3JQ,,,,,,,anonymous,EN,"I consent, begin the study",22,"Zimbabwean ",Zimbabwe,Male,,Student,Never been married,Some University but no degree,Whatsapp,"Have conversations,Share information",,2-3hrs,No,Other (please specify),Nill,,,,,,,,,,
2022-07-27 09:12:14,2022-07-27 09:16:42,IP Address,197.221.254.201,86,267,False,2022-08-03 09:16:51,R_0umKiHbnV4XhQyd,,,,,,,anonymous,EN,"I consent, begin the study",3,Albanian,Hell,Non-binary/ third gender,,Other,Never been married,Prefer not to say,LinkedIn,"Share information,Other (please specify)",,0-1hr,No,Productivity purpose,,Siri,,Helpful,Yes,Comprehensive sexuality education,,Definitely not,,,
2022-08-03 11:24:06,2022-08-03 11:27:51,IP Address,184.54.119.216,100,225,True,2022-08-03 11:27:52,R_zewiQVatJb5vRcd,,,,,39.2899,-84.5291,anonymous,EN,"I consent, begin the study",30,"Zimbabwean ",United States,Male,,Working full-time,Never been married,University Bachelors Degree,"Whatsapp,Snapchat,Youtube","Have conversations,Share information,Education,Health Research",,6-7rs,Yes,"Banking,Booking",,"Siri,Alexa,Cortana",,Somewhat helpful,Yes,"HIV/STI,Mental Health,Contraceptives & family planning",,Might or might not,Sometimes,Human,Maybe
2022-07-27 16:21:52,2022-07-27 16:27:21,IP Address,197.184.161.38,86,329,False,2022-08-03 16:27:24,R_25KUzXnzkXfwMjn,,,,,,,anonymous,EN,"I consent, begin the study",36,"Zimbabwean ",South Africa,Female,,Unemployed and looking for work,Never been married,University Bachelors Degree,Youtube,Education,,7hrs +,No,Customer service,,Other (please specify),N/A,Somewhat helpful,Yes,"Sexual, Reproductive & Health disease, symptoms, treatment & prevention (e.g cervical cancer, prostate cancer, breast cancer),HIV/STI,Mental Health",,Probably yes,,,
2022-07-27 23:51:33,2022-07-27 23:56:16,IP Address,92.25.203.221,67,283,False,2022-08-03 23:56:20,R_2ttniPh77Pn9uk4,,,,,,,anonymous,EN,"I consent, begin the study",59,British,England,Female,,Working part-time,Living with a partner,University Bachelors Degree,Facebook,Share information,,0-1hr,No,Other (please specify),Never used a chatbox,Other (please specify),Never used a chatbox,,,,,,,,
